id,a_500_dep,d_500_dep,a_500_arr,d_500_arr,a_500_route,d_500_route,a_500_traveltime,d_500_traveltime,same_traveltime?,same_route?
0,0.0,0.0,84.0,84.0,126 -125 123 -E1 -116,126 -125 123 -E1 -116,84.0,84.0,True,True
1,1.0,1.0,75.0,75.0,-3 9 19 -19,-3 9 19 -19,74.0,74.0,True,True
2,2.0,2.0,72.0,72.0,19 125 -126 138,19 125 -126 138,70.0,70.0,True,True
3,3.0,3.0,71.0,71.0,9 17 64 -121,9 17 64 -121,68.0,68.0,True,True
4,4.0,4.0,86.0,86.0,-E0 -325 313 -116,-E0 -325 313 -116,82.0,82.0,True,True
5,5.0,5.0,66.0,66.0,-17 -9 11,-17 -9 11,61.0,61.0,True,True
6,6.0,6.0,59.0,59.0,-116 38 -117 -15,-116 38 -117 -15,53.0,53.0,True,True
7,7.0,7.0,115.0,115.0,13 -13 15 117,13 -13 15 117,108.0,108.0,True,True
8,8.0,8.0,66.0,66.0,-17 19 121,-17 19 121,58.0,58.0,True,True
9,9.0,9.0,146.0,146.0,319 -E3 -E4 -11,319 -E3 -E4 -11,137.0,137.0,True,True
10,12.0,12.0,107.0,107.0,319 -319 -117 -15 15,319 -319 -117 -15 15,95.0,95.0,True,True
11,11.0,11.0,39.0,39.0,-38 -13,-38 -13,28.0,28.0,True,True
12,12.0,12.0,67.0,67.0,E3 -319 -38,E3 -319 -38,55.0,55.0,True,True
13,13.0,13.0,26.0,26.0,-123,-123,13.0,13.0,True,True
14,14.0,14.0,92.0,92.0,38 -38 64 -121 123,38 -38 64 -121 123,78.0,78.0,True,True
15,15.0,15.0,114.0,114.0,319 -319 -38 -17 19,319 -319 -38 -17 19,99.0,99.0,True,True
16,16.0,16.0,168.0,168.0,116 -313 -117 -15 -3 11 E4,116 -313 -117 -15 -3 11 E4,152.0,152.0,True,True
17,17.0,17.0,117.0,117.0,-7 3 15 117,-7 3 15 117,100.0,100.0,True,True
18,18.0,18.0,105.0,105.0,325 E0 -123 125,325 E0 -123 125,87.0,87.0,True,True
19,20.0,20.0,68.0,68.0,64 -121 121,64 -121 121,48.0,48.0,True,True
20,20.0,20.0,63.0,63.0,17 38 -117,17 38 -117,43.0,43.0,True,True
21,21.0,21.0,90.0,90.0,-19 17 116 -313,-19 17 116 -313,69.0,69.0,True,True
22,22.0,22.0,58.0,58.0,-121 -19,-121 -19,36.0,36.0,True,True
23,23.0,23.0,93.0,93.0,-123 123 -E1 -313,-123 123 -E1 -313,70.0,70.0,True,True
24,24.0,24.0,102.0,102.0,126 -125 121 -64,126 -125 121 -64,78.0,78.0,True,True
25,25.0,25.0,62.0,62.0,-64 -17,-64 -17,37.0,37.0,True,True
26,26.0,26.0,149.0,149.0,-3 3 13 116 E1,-3 3 13 116 E1,123.0,123.0,True,True
27,27.0,27.0,82.0,82.0,126 -125 123,126 -125 123,55.0,55.0,True,True
28,28.0,28.0,90.0,90.0,-138 -25 19,-138 -25 19,62.0,62.0,True,True
29,32.0,32.0,123.0,123.0,-13 -3 7 -7,-13 -3 7 -7,91.0,91.0,True,True
30,30.0,30.0,72.0,72.0,E5 -138 126,E5 -138 126,42.0,42.0,True,True
31,31.0,31.0,164.0,164.0,119 -119 117 -38 -17 25 138,119 -119 117 -38 -17 25 138,133.0,133.0,True,True
32,32.0,32.0,117.0,117.0,38 -117 -15 -3 3,38 -117 -15 -3 3,85.0,85.0,True,True
33,33.0,33.0,178.0,178.0,-19 19 123 -E1 -116,-19 19 123 -E1 -116,145.0,145.0,True,True
34,39.0,39.0,116.0,116.0,-325 -117 -15 -3,-325 -117 -15 -3,77.0,77.0,True,True
35,35.0,35.0,112.0,112.0,-17 17 116 E1,-17 17 116 E1,77.0,77.0,True,True
36,36.0,36.0,278.0,278.0,7 -7 3 15 117 319 -319,7 -7 3 15 117 319 -319,242.0,242.0,True,True
37,39.0,39.0,82.0,82.0,13 -17 -9,13 -17 -9,43.0,43.0,True,True
38,42.0,42.0,158.0,158.0,E0 -E1 -313 319 -E3,E0 -E1 -313 319 -E3,116.0,116.0,True,True
39,39.0,39.0,118.0,118.0,-3 9 25 -25,-3 9 25 -25,79.0,79.0,True,True
40,40.0,40.0,118.0,118.0,119 -119 -15 -3,119 -119 -15 -3,78.0,78.0,True,True
41,41.0,41.0,184.0,184.0,121 -64 -13 -3 9,121 -64 -13 -3 9,143.0,143.0,True,True
42,42.0,42.0,128.0,128.0,-9 3 13 -17,-9 3 13 -17,86.0,86.0,True,True
43,43.0,43.0,135.0,135.0,E5 -138 -25 -9 11,E5 -138 -25 -9 11,92.0,92.0,True,True
44,44.0,44.0,148.0,148.0,-121 121 -64 38 -117,-121 121 -64 38 -117,104.0,104.0,True,True
45,45.0,45.0,74.0,74.0,-123 125,-123 125,29.0,29.0,True,True
46,46.0,46.0,114.0,114.0,313 E1 -E0,313 E1 -E0,68.0,68.0,True,True
47,47.0,47.0,163.0,163.0,-119 -15 -3 7 -7,-119 -15 -3 7 -7,116.0,116.0,True,True
48,48.0,48.0,166.0,166.0,E5 -138 -25 17 116,E5 -138 -25 17 116,118.0,118.0,True,True
49,49.0,49.0,141.0,141.0,E4 -119 117 -38 64,E4 -119 117 -38 64,92.0,92.0,True,True
50,50.0,50.0,116.0,116.0,-11 9 17,-11 9 17,66.0,66.0,True,True
51,51.0,51.0,167.0,167.0,138 -138 -25 17 116,138 -138 -25 17 116,116.0,116.0,True,True
52,52.0,52.0,125.0,125.0,-3 9 25 126,-3 9 25 126,73.0,73.0,True,True
53,55.0,55.0,107.0,107.0,-125 123 -E1,-125 123 -E1,52.0,52.0,True,True
54,54.0,54.0,129.0,129.0,-E3 -119 119 E3,-E3 -119 119 E3,75.0,75.0,True,True
55,55.0,55.0,171.0,171.0,7 -7 3 -3,7 -7 3 -3,116.0,116.0,True,True
56,56.0,56.0,204.0,204.0,11 -11 7 E5 -138,11 -11 7 E5 -138,148.0,148.0,True,True
57,57.0,57.0,175.0,175.0,E0 -123 -19 -9 7,E0 -123 -19 -9 7,118.0,118.0,True,True
58,58.0,58.0,142.0,142.0,-319 -38 -17 25 126,-319 -38 -17 25 126,84.0,84.0,True,True
59,61.0,61.0,142.0,142.0,123 -E1 -116 -13,123 -E1 -116 -13,81.0,81.0,True,True
60,63.0,63.0,119.0,119.0,3 15 117,3 15 117,56.0,56.0,True,True
61,61.0,61.0,138.0,138.0,313 -116 116,313 -116 116,77.0,77.0,True,True
62,62.0,62.0,222.0,222.0,-11 3 15 117 325 -325,-11 3 15 117 325 -325,160.0,160.0,True,True
63,63.0,63.0,118.0,118.0,-116 116 E1,-116 116 E1,55.0,55.0,True,True
64,64.0,64.0,262.0,262.0,7 -7 3 15 117 325,7 -7 3 15 117 325,198.0,198.0,True,True
65,65.0,65.0,122.0,122.0,-319 -117 119 -119,-319 -117 119 -119,57.0,57.0,True,True
66,69.0,69.0,203.0,203.0,7 -7 3 15 119 E3,7 -7 3 15 119 E3,134.0,134.0,True,True
67,67.0,67.0,153.0,153.0,-121 125 -126 138 -E5,-121 125 -126 138 -E5,86.0,86.0,True,True
68,68.0,68.0,182.0,182.0,-119 -15 -3 3,-119 -15 -3 3,114.0,114.0,True,True
69,72.0,72.0,197.0,197.0,3 13 -17 25 126 -125,3 13 -17 25 126 -125,125.0,125.0,True,True
70,70.0,70.0,382.0,382.0,-E4 -11 3 15 117,-E4 -11 3 15 117,312.0,312.0,True,True
71,74.0,74.0,117.0,117.0,-3 7,-3 7,43.0,43.0,True,True
72,72.0,72.0,162.0,162.0,-E0 -325 -38 -17,-E0 -325 -38 -17,90.0,90.0,True,True
73,73.0,73.0,136.0,136.0,117 -38 -17 19,117 -38 -17 19,63.0,63.0,True,True
74,74.0,74.0,168.0,168.0,-15 13 38 319 -319,-15 13 38 319 -319,94.0,94.0,True,True
75,75.0,75.0,210.0,210.0,E5 -138 -25 17 -13 13,E5 -138 -25 17 -13 13,135.0,135.0,True,True
76,79.0,79.0,236.0,236.0,-E1 -116 -13 -3 11,-E1 -116 -13 -3 11,157.0,157.0,True,True
77,77.0,77.0,119.0,119.0,-125 -19,-125 -19,42.0,42.0,True,True
78,78.0,78.0,144.0,144.0,-38 64 -121 121,-38 64 -121 121,66.0,66.0,True,True
79,79.0,79.0,165.0,165.0,-19 17 -17,-19 17 -17,86.0,86.0,True,True
80,83.0,83.0,173.0,173.0,-119 117 -38 -17 25 126,-119 117 -38 -17 25 126,90.0,90.0,True,True
81,82.0,82.0,165.0,165.0,-19 -9 9,-19 -9 9,83.0,83.0,True,True
82,84.0,84.0,398.0,398.0,64 -121 121 -64 38 -117 119 -119,64 -121 121 -64 38 -117 119 -119,314.0,314.0,True,True
83,84.0,84.0,168.0,168.0,-19 25 138,-19 25 138,84.0,84.0,True,True
84,84.0,84.0,148.0,148.0,-17 19 125 -126,-17 19 125 -126,64.0,64.0,True,True
85,85.0,85.0,183.0,183.0,E1 -E0 -325 -117 119,E1 -E0 -325 -117 119,98.0,98.0,True,True
86,86.0,86.0,398.0,398.0,-E4 -11 3 15 117 313,-E4 -11 3 15 117 313,312.0,312.0,True,True
87,87.0,87.0,148.0,148.0,319 -319 -117 -15,319 -319 -117 -15,61.0,61.0,True,True
88,88.0,88.0,139.0,139.0,-123 123 -E1,-123 123 -E1,51.0,51.0,True,True
89,89.0,89.0,189.0,189.0,-E0 -325 -117 119 -E4,-E0 -325 -117 119 -E4,100.0,100.0,True,True
90,91.0,91.0,161.0,161.0,19 125 -126 138,19 125 -126 138,70.0,70.0,True,True
91,94.0,94.0,198.0,198.0,E5 -138 126 -125 123 -123,E5 -138 126 -125 123 -123,104.0,104.0,True,True
92,94.0,94.0,398.0,398.0,-9 3 15 117 -38,-9 3 15 117 -38,304.0,304.0,True,True
93,97.0,97.0,186.0,186.0,64 -121 125 -126 -25,64 -121 125 -126 -25,89.0,89.0,True,True
94,94.0,94.0,174.0,174.0,-15 13 38 319 -E3,-15 13 38 319 -E3,80.0,80.0,True,True
95,95.0,95.0,188.0,188.0,-E0 -325 -38 116 -313,-E0 -325 -38 116 -313,93.0,93.0,True,True
96,102.0,102.0,300.0,300.0,-25 17 38 325 E0,-25 17 38 325 E0,198.0,198.0,True,True
97,97.0,97.0,191.0,191.0,-E1 -116 64,-E1 -116 64,94.0,94.0,True,True
98,99.0,99.0,123.0,123.0,117 -117,117 -117,24.0,24.0,True,True
99,101.0,101.0,254.0,254.0,E5 -138 -25 17 38,E5 -138 -25 17 38,153.0,153.0,True,True
100,100.0,100.0,229.0,229.0,E4 -119 117 313 E1,E4 -119 117 313 E1,129.0,129.0,True,True
101,101.0,101.0,149.0,149.0,38 -38 -13,38 -38 -13,48.0,48.0,True,True
102,102.0,102.0,228.0,228.0,-E5 -7 3 13 -17,-E5 -7 3 13 -17,126.0,126.0,True,True
103,103.0,103.0,206.0,206.0,-9 3 15 119 -119,-9 3 15 119 -119,103.0,103.0,True,True
104,104.0,104.0,173.0,173.0,-7 7 E5,-7 7 E5,69.0,69.0,True,True
105,107.0,107.0,403.0,403.0,-3 3 15 117 313,-3 3 15 117 313,296.0,296.0,True,True
106,106.0,106.0,258.0,258.0,-E3 -119 117 313 E1 -E0,-E3 -119 117 313 E1 -E0,152.0,152.0,True,True
107,109.0,109.0,230.0,230.0,E3 -319 -117 -15 -3 7 E5,E3 -319 -117 -15 -3 7 E5,121.0,121.0,True,True
108,108.0,108.0,242.0,242.0,119 -119 117 -38 -17 17,119 -119 117 -38 -17 17,134.0,134.0,True,True
109,109.0,109.0,191.0,191.0,-13 13 38 319 -319,-13 13 38 319 -319,82.0,82.0,True,True
110,110.0,110.0,327.0,327.0,E4 -119 117 -38 64 -121 121,E4 -119 117 -38 64 -121 121,217.0,217.0,True,True
111,111.0,111.0,226.0,226.0,117 -38 -17 25,117 -38 -17 25,115.0,115.0,True,True
112,113.0,113.0,247.0,247.0,-119 117 -38 64 -121 121,-119 117 -38 64 -121 121,134.0,134.0,True,True
113,113.0,113.0,238.0,238.0,11 -11 3 13 64,11 -11 3 13 64,125.0,125.0,True,True
114,118.0,118.0,194.0,194.0,-13 15 119 E3,-13 15 119 E3,76.0,76.0,True,True
115,115.0,115.0,286.0,286.0,-121 121 -64 38 -117 -15,-121 121 -64 38 -117 -15,171.0,171.0,True,True
116,116.0,116.0,191.0,191.0,123 -123 125 -126 138,123 -123 125 -126 138,75.0,75.0,True,True
117,117.0,117.0,213.0,213.0,-19 25 126 -125,-19 25 126 -125,96.0,96.0,True,True
118,118.0,118.0,199.0,199.0,9 25 -25,9 25 -25,81.0,81.0,True,True
119,119.0,119.0,162.0,162.0,123 -123 125,123 -123 125,43.0,43.0,True,True
120,120.0,120.0,245.0,245.0,-E0 -325 -38 64 -121 121,-E0 -325 -38 64 -121 121,125.0,125.0,True,True
121,121.0,121.0,157.0,157.0,116 E1,116 E1,36.0,36.0,True,True
122,122.0,122.0,160.0,160.0,-17 17,-17 17,38.0,38.0,True,True
123,123.0,123.0,169.0,169.0,-19 -9,-19 -9,46.0,46.0,True,True
124,127.0,127.0,319.0,319.0,138 -138 -25 17 38 319 -319,138 -138 -25 17 38 319 -319,192.0,192.0,True,True
125,128.0,128.0,193.0,193.0,-325 -38 -17 25,-325 -38 -17 25,65.0,65.0,True,True
126,126.0,126.0,232.0,232.0,-119 117 319 -E3,-119 117 319 -E3,106.0,106.0,True,True
127,127.0,127.0,140.0,140.0,E5,E5,13.0,13.0,True,True
128,137.0,137.0,236.0,236.0,-119 117 -38 -17,-119 117 -38 -17,99.0,99.0,True,True
129,130.0,130.0,273.0,273.0,-3 3 13 116 E1,-3 3 13 116 E1,143.0,143.0,True,True
130,132.0,132.0,156.0,156.0,7,7,24.0,24.0,True,True
131,131.0,131.0,157.0,157.0,-64 -13,-64 -13,26.0,26.0,True,True
132,132.0,132.0,189.0,189.0,38 -117 -15 15,38 -117 -15 15,57.0,57.0,True,True
133,133.0,133.0,240.0,240.0,125 -126 -25 -9 7 E5,125 -126 -25 -9 7 E5,107.0,107.0,True,True
134,134.0,134.0,271.0,271.0,13 -13 -3 11 -11,13 -13 -3 11 -11,137.0,137.0,True,True
135,135.0,135.0,216.0,216.0,325 -325 319 -319,325 -325 319 -319,81.0,81.0,True,True
136,137.0,137.0,231.0,231.0,13 116 E1,13 116 E1,94.0,94.0,True,True
137,137.0,137.0,193.0,193.0,-126 126 -125,-126 126 -125,56.0,56.0,True,True
138,138.0,138.0,646.0,819.0,-123 121 -64 38 -117 117,-123 121 -64 38 -117 117,508.0,681.0,False,True
139,139.0,139.0,240.0,240.0,-3 9 19 123,-3 9 19 123,101.0,101.0,True,True
140,145.0,145.0,275.0,275.0,17 38 -117 -15,17 38 -117 -15,130.0,130.0,True,True
141,141.0,141.0,243.0,243.0,126 -125 121 -64 -13 -3,126 -125 121 -64 -13 -3,102.0,102.0,True,True
142,147.0,147.0,214.0,214.0,-E5 -7 9,-E5 -7 9,67.0,67.0,True,True
143,146.0,146.0,311.0,311.0,38 -38 64 -121,38 -38 64 -121,165.0,165.0,True,True
144,144.0,144.0,269.0,269.0,-E0 -325 -117 -15 -3,-E0 -325 -117 -15 -3,125.0,125.0,True,True
145,145.0,145.0,177.0,177.0,-11 3,-11 3,32.0,32.0,True,True
146,148.0,148.0,306.0,306.0,126 -125 121 -64 -13 -3,126 -125 121 -64 -13 -3,158.0,158.0,True,True
147,148.0,148.0,651.0,1116.0,25 -25 17 38 -117 117,25 -25 17 38 -117 117,503.0,968.0,False,True
148,148.0,148.0,255.0,255.0,-E1 -313 -117 119 -E4 -11,-E1 -313 -117 119 -E4 -11,107.0,107.0,True,True
149,149.0,149.0,236.0,236.0,-121 -19 -9 7,-121 -19 -9 7,87.0,87.0,True,True
150,151.0,151.0,644.0,817.0,9 17 38 -117 117,9 17 38 -117 117,493.0,666.0,False,True
151,151.0,151.0,332.0,332.0,38 -38 64 -121 121,38 -38 64 -121 121,181.0,181.0,True,True
152,153.0,153.0,209.0,209.0,-126 126 -125,-126 126 -125,56.0,56.0,True,True
153,153.0,153.0,238.0,238.0,-319 -117 -15 -3 9,-319 -117 -15 -3 9,85.0,85.0,True,True
154,154.0,154.0,282.0,282.0,313 -116 64,313 -116 64,128.0,128.0,True,True
155,155.0,155.0,246.0,246.0,9 17 -17,9 17 -17,91.0,91.0,True,True
156,156.0,156.0,237.0,237.0,-25 19 123 -123,-25 19 123 -123,81.0,81.0,True,True
157,157.0,157.0,342.0,342.0,313 -116 -13 -3 7,313 -116 -13 -3 7,185.0,185.0,True,True
158,158.0,158.0,261.0,261.0,-9 9 19 125,-9 9 19 125,103.0,103.0,True,True
159,160.0,160.0,280.0,280.0,-13 13 116 E1,-13 13 116 E1,120.0,120.0,True,True
160,160.0,160.0,295.0,295.0,64 -121 -19 -9 11 E4,64 -121 -19 -9 11 E4,135.0,135.0,True,True
161,161.0,161.0,259.0,259.0,319 -319 -117 -15 -3 7,319 -319 -117 -15 -3 7,98.0,98.0,True,True
162,162.0,162.0,214.0,214.0,-116 -17 19,-116 -17 19,52.0,52.0,True,True
163,163.0,163.0,220.0,220.0,-325 313 E1,-325 313 E1,57.0,57.0,True,True
164,164.0,164.0,230.0,230.0,319 -319 -38 64,319 -319 -38 64,66.0,66.0,True,True
165,168.0,168.0,257.0,257.0,319 -319 -117 -15 -3,319 -319 -117 -15 -3,89.0,89.0,True,True
166,166.0,166.0,216.0,216.0,313 E1 -123,313 E1 -123,50.0,50.0,True,True
167,169.0,169.0,342.0,342.0,7 -7 3 13 64,7 -7 3 13 64,173.0,173.0,True,True
168,168.0,168.0,295.0,295.0,-19 17 38 325,-19 17 38 325,127.0,127.0,True,True
169,172.0,172.0,443.0,441.0,-E3 -119 117 319 -319,-E3 -119 117 319 -319,271.0,269.0,False,True
170,170.0,170.0,243.0,243.0,313 E1 -123 -19,313 E1 -123 -19,73.0,73.0,True,True
171,172.0,172.0,442.0,442.0,-116 38 -117 -15,-116 38 -117 -15,270.0,270.0,True,True
172,172.0,172.0,229.0,229.0,-325 -38 64,-325 -38 64,57.0,57.0,True,True
173,173.0,173.0,520.0,818.0,E4 -119 117 -38 116 -313,E4 -119 117 -38 116 -313,347.0,645.0,False,True
174,180.0,180.0,256.0,256.0,126 -125 -19 -9,126 -125 -19 -9,76.0,76.0,True,True
175,176.0,176.0,468.0,467.0,E4 -119 117 -38 116,E4 -119 117 -38 116,292.0,291.0,False,True
176,176.0,176.0,285.0,285.0,E1 -123 125 -126 126 -125,E1 -123 125 -126 126 -125,109.0,109.0,True,True
177,179.0,179.0,325.0,325.0,E4 -119 -15 -3 7 E5 -138,E4 -119 -15 -3 7 E5 -138,146.0,146.0,True,True
178,181.0,181.0,271.0,271.0,E3 -319 -117 -15 -3,E3 -319 -117 -15 -3,90.0,90.0,True,True
179,187.0,187.0,249.0,249.0,-123 123 -E1,-123 123 -E1,62.0,62.0,True,True
180,180.0,180.0,435.0,433.0,19 123 -E1 -313 319 -319,19 123 -E1 -313 319 -319,255.0,253.0,False,True
181,181.0,181.0,298.0,298.0,123 -123 -19 -9 11,123 -123 -19 -9 11,117.0,117.0,True,True
182,182.0,182.0,267.0,267.0,-7 9 19 121,-7 9 19 121,85.0,85.0,True,True
183,184.0,184.0,240.0,240.0,-25 17,-25 17,56.0,56.0,True,True
184,184.0,184.0,464.0,463.0,-11 3 15 117 325 E0,-11 3 15 117 325 E0,280.0,279.0,False,True
185,192.0,192.0,447.0,446.0,117 -38 -17 17,117 -38 -17 17,255.0,254.0,False,True
186,188.0,188.0,223.0,223.0,25 138,25 138,35.0,35.0,True,True
187,191.0,191.0,561.0,493.0,-64 38 -117 119 -119,-64 38 -117 119 -119,370.0,302.0,False,True
188,188.0,188.0,606.0,1420.0,13 38 325 -325,13 38 325 -325,418.0,1232.0,False,True
189,201.0,201.0,290.0,290.0,-319 -38 38,-319 -38 38,89.0,89.0,True,True
190,195.0,195.0,327.0,327.0,17 38 319 -319,17 38 319 -319,132.0,132.0,True,True
191,209.0,209.0,301.0,301.0,-319 313 E1 -E0,-319 313 E1 -E0,92.0,92.0,True,True
192,192.0,192.0,477.0,476.0,-9 3 13 116 -313,-9 3 13 116 -313,285.0,284.0,False,True
193,203.0,203.0,261.0,261.0,-125 123 -E0,-125 123 -E0,58.0,58.0,True,True
194,194.0,194.0,287.0,287.0,E1 -123 125 -126 138,E1 -123 125 -126 138,93.0,93.0,True,True
195,196.0,196.0,265.0,265.0,9 19 125,9 19 125,69.0,69.0,True,True
196,212.0,212.0,405.0,405.0,-319 -117 117,-319 -117 117,193.0,193.0,True,True
197,197.0,197.0,479.0,478.0,-11 3 13 116 -313,-11 3 13 116 -313,282.0,281.0,False,True
198,198.0,198.0,364.0,364.0,-E1 -116 64 -121 121,-E1 -116 64 -121 121,166.0,166.0,True,True
199,201.0,201.0,513.0,513.0,13 38 -117 119 -E4,13 38 -117 119 -E4,312.0,312.0,True,True
200,201.0,201.0,336.0,336.0,-E1 -116 -17,-E1 -116 -17,135.0,135.0,True,True
201,201.0,201.0,337.0,337.0,-E4 -11 9,-E4 -11 9,136.0,136.0,True,True
202,202.0,202.0,369.0,369.0,313 -116 -17 25 138 -138,313 -116 -17 25 138 -138,167.0,167.0,True,True
203,203.0,203.0,272.0,272.0,-121 -19 -9 11,-121 -19 -9 11,69.0,69.0,True,True
204,205.0,205.0,456.0,453.0,126 -125 123 -E1 -313 -38,126 -125 123 -E1 -313 -38,251.0,248.0,False,True
205,205.0,205.0,316.0,316.0,325 -325 -38 -17 25,325 -325 -38 -17 25,111.0,111.0,True,True
206,209.0,209.0,298.0,298.0,138 -138 126 -125 -19,138 -138 126 -125 -19,89.0,89.0,True,True
207,213.0,213.0,571.0,544.0,-15 13 38 313 -116,-15 13 38 313 -116,358.0,331.0,False,True
208,208.0,208.0,502.0,502.0,-25 17 38 -117 119 -E4,-25 17 38 -117 119 -E4,294.0,294.0,True,True
209,216.0,216.0,556.0,483.0,38 -117 119 -119,38 -117 119 -119,340.0,267.0,False,True
210,210.0,210.0,441.0,440.0,-E0 -325 -38 -17 25 126,-E0 -325 -38 -17 25 126,231.0,230.0,False,True
211,216.0,216.0,261.0,261.0,-15 15,-15 15,45.0,45.0,True,True
212,212.0,212.0,372.0,372.0,-E5 -7 9 25 -25,-E5 -7 9 25 -25,160.0,160.0,True,True
213,213.0,213.0,408.0,408.0,13 -13 -3 11 -11,13 -13 -3 11 -11,195.0,195.0,True,True
214,214.0,214.0,319.0,319.0,25 -25 -9 3,25 -25 -9 3,105.0,105.0,True,True
215,215.0,215.0,276.0,276.0,-123 123 -E0,-123 123 -E0,61.0,61.0,True,True
216,216.0,216.0,550.0,549.0,-138 -25 17 38 -117 119 E3,-138 -25 17 38 -117 119 E3,334.0,333.0,False,True
217,217.0,217.0,655.0,842.0,11 E4 -119 117 -117,11 E4 -119 117 -117,438.0,625.0,False,True
218,218.0,218.0,280.0,280.0,-25 17 38,-25 17 38,62.0,62.0,True,True
219,219.0,219.0,428.0,428.0,-E3 -119 117 319,-E3 -119 117 319,209.0,209.0,True,True
220,220.0,220.0,313.0,313.0,138 -E5 -7 7 E5,138 -E5 -7 7 E5,93.0,93.0,True,True
221,224.0,224.0,557.0,551.0,123 -E1 -313 -117 119 E3,123 -E1 -313 -117 119 E3,333.0,327.0,False,True
222,223.0,223.0,281.0,281.0,9 19 125,9 19 125,58.0,58.0,True,True
223,224.0,224.0,289.0,289.0,17 -13 -3 11,17 -13 -3 11,65.0,65.0,True,True
224,224.0,224.0,667.0,1458.0,325 -325 -117 117,325 -325 -117 117,443.0,1234.0,False,True
225,226.0,226.0,265.0,265.0,9 25,9 25,39.0,39.0,True,True
226,226.0,226.0,375.0,375.0,-E4 -11 9 25 -25,-E4 -11 9 25 -25,149.0,149.0,True,True
227,227.0,227.0,325.0,325.0,-25 25 126,-25 25 126,98.0,98.0,True,True
228,228.0,228.0,366.0,366.0,3 13 116,3 13 116,138.0,138.0,True,True
229,229.0,229.0,350.0,350.0,125 -126 -25 17 -13 -3,125 -126 -25 17 -13 -3,121.0,121.0,True,True
230,230.0,230.0,439.0,438.0,-121 123 -E1 -313,-121 123 -E1 -313,209.0,208.0,False,True
231,231.0,231.0,614.0,1428.0,-3 9 19 123 -E0 -325,-3 9 19 123 -E0 -325,383.0,1197.0,False,True
232,235.0,235.0,501.0,501.0,117 -38 64 -121 125 -126,117 -38 64 -121 125 -126,266.0,266.0,True,True
233,233.0,233.0,293.0,293.0,-19 17 -13 15,-19 17 -13 15,60.0,60.0,True,True
234,238.0,238.0,559.0,485.0,17 38 -117 119 -119,17 38 -117 119 -119,321.0,247.0,False,True
235,237.0,237.0,668.0,1465.0,-E0 -325 -117 117,-E0 -325 -117 117,431.0,1228.0,False,True
236,240.0,240.0,609.0,837.0,-E0 -325 -38 -17,-E0 -325 -38 -17,369.0,597.0,False,True
237,246.0,246.0,713.0,1176.0,-E0 -325 -117 -15 -3 9,-E0 -325 -117 -15 -3 9,467.0,930.0,False,True
238,238.0,238.0,299.0,299.0,121 -64 -13 15,121 -64 -13 15,61.0,61.0,True,True
239,239.0,239.0,322.0,322.0,64 -121 -19 -9 3,64 -121 -19 -9 3,83.0,83.0,True,True
240,240.0,240.0,300.0,300.0,-7 11 -11,-7 11 -11,60.0,60.0,True,True
241,245.0,245.0,312.0,312.0,-38 -17 25,-38 -17 25,67.0,67.0,True,True
242,242.0,242.0,564.0,556.0,64 -121 123 -E1 -313 -117 119 E3,64 -121 123 -E1 -313 -117 119 E3,322.0,314.0,False,True
243,249.0,249.0,653.0,1464.0,-E0 -325 -38 -17 25,-E0 -325 -38 -17 25,404.0,1215.0,False,True
244,244.0,244.0,465.0,464.0,117 -38 64 -121 123,117 -38 64 -121 123,221.0,220.0,False,True
245,246.0,246.0,264.0,264.0,-17,-17,18.0,18.0,True,True
246,246.0,246.0,327.0,327.0,-E1 -116,-E1 -116,81.0,81.0,True,True
247,254.0,254.0,337.0,337.0,-38 -17 25 138,-38 -17 25 138,83.0,83.0,True,True
248,248.0,248.0,370.0,370.0,-9 9 17 -13,-9 9 17 -13,122.0,122.0,True,True
249,249.0,249.0,398.0,398.0,-E4 -11 9 25 126 -125,-E4 -11 9 25 126 -125,149.0,149.0,True,True
250,250.0,250.0,393.0,393.0,125 -126 126 -125 123 -E1 -116,125 -126 126 -125 123 -E1 -116,143.0,143.0,True,True
251,251.0,251.0,339.0,339.0,-9 3 15 119,-9 3 15 119,88.0,88.0,True,True
252,252.0,252.0,376.0,376.0,-116 -17 25 126,-116 -17 25 126,124.0,124.0,True,True
253,254.0,254.0,471.0,470.0,-126 -25 17 38 319 -E3,-126 -25 17 38 319 -E3,217.0,216.0,False,True
254,255.0,255.0,357.0,357.0,-117 -15 -3 7 -7,-117 -15 -3 7 -7,102.0,102.0,True,True
255,255.0,255.0,619.0,1433.0,-17 19 123 -E0 -325,-17 19 123 -E0 -325,364.0,1178.0,False,True
256,257.0,257.0,385.0,385.0,3 -3 7 -7,3 -3 7 -7,128.0,128.0,True,True
257,257.0,257.0,462.0,459.0,25 -25 17 38 325,25 -25 17 38 325,205.0,202.0,False,True
258,258.0,258.0,337.0,337.0,-25 17 64 -121,-25 17 64 -121,79.0,79.0,True,True
259,259.0,259.0,640.0,812.0,-116 -13 15 117,-116 -13 15 117,381.0,553.0,False,True
260,260.0,260.0,454.0,452.0,E5 -138 -25 17 38 -38,E5 -138 -25 17 38 -38,194.0,192.0,False,True
261,261.0,261.0,513.0,514.0,13 116 -313 313,13 116 -313 313,252.0,253.0,False,True
262,264.0,264.0,387.0,387.0,13 -17 25,13 -17 25,123.0,123.0,True,True
263,263.0,263.0,444.0,444.0,E3 -319 -117 -15,E3 -319 -117 -15,181.0,181.0,True,True
264,264.0,264.0,359.0,359.0,-116 -13,-116 -13,95.0,95.0,True,True
265,273.0,273.0,346.0,346.0,-125 125 -126 138,-125 125 -126 138,73.0,73.0,True,True
266,266.0,266.0,641.0,843.0,119 -119 117 -38 -17,119 -119 117 -38 -17,375.0,577.0,False,True
267,267.0,267.0,338.0,338.0,15 -15 -3 3,15 -15 -3 3,71.0,71.0,True,True
268,268.0,268.0,347.0,347.0,-138 126 -125 123,-138 126 -125 123,79.0,79.0,True,True
269,269.0,269.0,336.0,336.0,25 126 -125,25 126 -125,67.0,67.0,True,True
270,270.0,270.0,744.0,1514.0,325 -325 -117 -15 -3 11 E4,325 -325 -117 -15 -3 11 E4,474.0,1244.0,False,True
271,271.0,271.0,346.0,346.0,-123 123 -E1 -116,-123 123 -E1 -116,75.0,75.0,True,True
272,272.0,272.0,354.0,354.0,-319 -38 -17 25 138,-319 -38 -17 25 138,82.0,82.0,True,True
273,273.0,273.0,368.0,368.0,E3 -319 -38 -17 -9,E3 -319 -38 -17 -9,95.0,95.0,True,True
274,274.0,274.0,333.0,333.0,17 64 -121,17 64 -121,59.0,59.0,True,True
275,275.0,275.0,437.0,443.0,15 -15 -3 9 19 125,15 -15 -3 9 19 125,162.0,168.0,False,True
276,276.0,276.0,383.0,383.0,-123 -19 -9 3,-123 -19 -9 3,107.0,107.0,True,True
277,277.0,277.0,432.0,436.0,38 -38 64 -121 123,38 -38 64 -121 123,155.0,159.0,False,True
278,278.0,278.0,371.0,371.0,-125 -19 -9 7 E5,-125 -19 -9 7 E5,93.0,93.0,True,True
279,279.0,279.0,636.0,1451.0,313 E1 -E0 -325 -38,313 E1 -E0 -325 -38,357.0,1172.0,False,True
280,280.0,280.0,559.0,537.0,-E1 -313 -117 -15 -3 7 -7,-E1 -313 -117 -15 -3 7 -7,279.0,257.0,False,True
281,281.0,281.0,375.0,375.0,11 E4 E3 -319 -38,11 E4 E3 -319 -38,94.0,94.0,True,True
282,283.0,283.0,395.0,395.0,38 325,38 325,112.0,112.0,True,True
283,283.0,283.0,666.0,869.0,-123 123 -E1 -313 -117 119 E3,-123 123 -E1 -313 -117 119 E3,383.0,586.0,False,True
284,284.0,284.0,532.0,544.0,126 -125 123 -E1 -313 325,126 -125 123 -E1 -313 325,248.0,260.0,False,True
285,286.0,286.0,380.0,380.0,17 64 -121 123 -E1,17 64 -121 123 -E1,94.0,94.0,True,True
286,286.0,286.0,411.0,411.0,19 -19 -9 11 E4,19 -19 -9 11 E4,125.0,125.0,True,True
287,288.0,288.0,476.0,505.0,-3 9 17 38 319,-3 9 17 38 319,188.0,217.0,False,True
288,399.0,412.0,711.0,1186.0,117 -38 -17 25 138 -E5,117 -38 -17 25 138 -E5,312.0,774.0,False,True
289,289.0,289.0,496.0,491.0,-E1 -313 -38 -17 19,-E1 -313 -38 -17 19,207.0,202.0,False,True
290,291.0,291.0,457.0,454.0,-3 9 17 38,-3 9 17 38,166.0,163.0,False,True
291,291.0,291.0,659.0,1473.0,325 -325 -38 64 -121,325 -325 -38 64 -121,368.0,1182.0,False,True
292,292.0,292.0,363.0,363.0,7 E5 -138 -25,7 E5 -138 -25,71.0,71.0,True,True
293,293.0,293.0,453.0,466.0,-E4 -11 9 19 123,-E4 -11 9 19 123,160.0,173.0,False,True
294,296.0,296.0,573.0,547.0,-7 9 19 123 -E1 -116,-7 9 19 123 -E1 -116,277.0,251.0,False,True
295,295.0,295.0,528.0,527.0,38 -117 -15 -3 7 E5 -138,38 -117 -15 -3 7 E5 -138,233.0,232.0,False,True
296,297.0,297.0,449.0,447.0,-17 17 38 319,-17 17 38 319,152.0,150.0,False,True
297,297.0,297.0,397.0,401.0,-38 -13 -3 7,-38 -13 -3 7,100.0,104.0,False,True
298,298.0,298.0,353.0,353.0,15 -15 -3,15 -15 -3,55.0,55.0,True,True
299,299.0,299.0,375.0,375.0,-11 11 E4 E3,-11 11 E4 E3,76.0,76.0,True,True
300,300.0,300.0,404.0,404.0,-121 -19 17,-121 -19 17,104.0,104.0,True,True
301,301.0,301.0,432.0,432.0,-E5 -7 9 25,-E5 -7 9 25,131.0,131.0,True,True
302,304.0,304.0,477.0,474.0,15 -15 -3 9 25 126,15 -15 -3 9 25 126,173.0,170.0,False,True
303,304.0,304.0,474.0,475.0,-E5 -7 9 17 38 313,-E5 -7 9 17 38 313,170.0,171.0,False,True
304,304.0,304.0,384.0,384.0,-123 121 -64 -17,-123 121 -64 -17,80.0,80.0,True,True
305,307.0,307.0,380.0,380.0,15 119 E3 -319,15 119 E3 -319,73.0,73.0,True,True
306,318.0,318.0,441.0,441.0,121 -64 -13 15 119 -E4,121 -64 -13 15 119 -E4,123.0,123.0,True,True
307,307.0,307.0,378.0,378.0,116 E1 -E0,116 E1 -E0,71.0,71.0,True,True
308,311.0,311.0,636.0,1450.0,25 126 -125 123 -E0 -325,25 126 -125 123 -E0 -325,325.0,1139.0,False,True
309,310.0,310.0,357.0,357.0,15 -15 -3,15 -15 -3,47.0,47.0,True,True
310,310.0,310.0,416.0,415.0,-25 25 126 -125,-25 25 126 -125,106.0,105.0,False,True
311,329.0,329.0,457.0,457.0,-15 -3 7 E5 -138 126 -125,-15 -3 7 E5 -138 126 -125,128.0,128.0,True,True
312,313.0,313.0,673.0,875.0,116 -313 -117 -15 -3 3,116 -313 -117 -15 -3 3,360.0,562.0,False,True
313,313.0,313.0,395.0,395.0,-138 -25 17 -17,-138 -25 17 -17,82.0,82.0,True,True
314,314.0,314.0,436.0,440.0,-E5 -7 9 19,-E5 -7 9 19,122.0,126.0,False,True
315,315.0,315.0,463.0,462.0,E4 E3 -319 -38 116,E4 E3 -319 -38 116,148.0,147.0,False,True
316,317.0,317.0,516.0,515.0,-313 313 E1 -123,-313 313 E1 -123,199.0,198.0,False,True
317,332.0,332.0,478.0,477.0,-15 -3 9 19 -19,-15 -3 9 19 -19,146.0,145.0,False,True
318,318.0,318.0,410.0,411.0,-138 -25 -9 11 -11,-138 -25 -9 11 -11,92.0,93.0,False,True
319,320.0,320.0,657.0,860.0,116 -313 -117 -15 -3,116 -313 -117 -15 -3,337.0,540.0,False,True
320,320.0,320.0,642.0,815.0,E4 -119 117,E4 -119 117,322.0,495.0,False,True
321,322.0,322.0,578.0,471.0,15 -15 -3 9 25 126 -125,15 -15 -3 7 E5 -138 126 -125,256.0,149.0,False,False
322,322.0,322.0,426.0,427.0,64 -121 125 -126 138 -E5,64 -121 125 -126 138 -E5,104.0,105.0,False,True
323,323.0,323.0,483.0,483.0,7 -7 3 15 119,7 -7 3 15 119,160.0,160.0,True,True
324,324.0,324.0,615.0,591.0,-E4 -11 9 19 123 -E1,-E4 -11 9 19 123 -E1,291.0,267.0,False,True
325,330.0,330.0,481.0,458.0,-138 -25 17 38 -117,-138 -25 17 38 -117,151.0,128.0,False,True
326,326.0,326.0,720.0,1507.0,E1 -E0 -325 -117 119 -E4,E1 -E0 -325 -117 119 -E4,394.0,1181.0,False,True
327,327.0,327.0,468.0,459.0,325 E0 -123 -19 -9,325 E0 -123 -19 -9,141.0,132.0,False,True
328,330.0,330.0,364.0,364.0,-121 125,-121 125,34.0,34.0,True,True
329,329.0,329.0,604.0,596.0,-117 -15 13 -13,-117 -15 13 -13,275.0,267.0,False,True
330,331.0,331.0,404.0,404.0,119 E3 -319,119 E3 -319,73.0,73.0,True,True
331,331.0,331.0,396.0,396.0,E5 -138 126 -125,E5 -138 126 -125,65.0,65.0,True,True
332,336.0,336.0,557.0,489.0,3 -3 9 19 123,3 -3 9 19 123,221.0,153.0,False,True
333,333.0,333.0,441.0,439.0,313 E1 -123 -19,313 E1 -123 -19,108.0,106.0,False,True
334,334.0,334.0,590.0,537.0,116 -313 319 -E3,116 -313 319 -E3,256.0,203.0,False,True
335,335.0,335.0,526.0,527.0,-E1 -313 -38 64,-E1 -313 -38 64,191.0,192.0,False,True
336,336.0,336.0,492.0,520.0,E5 -138 -25 17 38 319 -319,E5 -138 -25 17 38 319 -319,156.0,184.0,False,True
337,337.0,337.0,434.0,438.0,125 -126 126 -125 123,125 -126 126 -125 123,97.0,101.0,False,True
338,338.0,338.0,570.0,574.0,19 121 -64 -13 15 119 E3,19 121 -64 -13 15 119 E3,232.0,236.0,False,True
339,339.0,339.0,356.0,356.0,-17,-17,17.0,17.0,True,True
340,341.0,341.0,368.0,368.0,13 -13,13 -13,27.0,27.0,True,True
341,354.0,354.0,459.0,461.0,-138 -25 17 64 -121,-138 -25 17 64 -121,105.0,107.0,False,True
342,342.0,342.0,494.0,532.0,-11 11 E4 E3 -319 319 -E3,-11 11 E4 E3 -319 319 -E3,152.0,190.0,False,True
343,345.0,345.0,507.0,520.0,123 -E1 -313,123 -E1 -313,162.0,175.0,False,True
344,344.0,344.0,458.0,456.0,-19 17,-19 17,114.0,112.0,False,True
345,345.0,345.0,484.0,482.0,15 119 E3 -319 319 -E3,15 119 E3 -319 319 -E3,139.0,137.0,False,True
346,348.0,348.0,487.0,485.0,15 119 E3 -319 325 E0,15 119 E3 -319 325 E0,139.0,137.0,False,True
347,347.0,347.0,435.0,434.0,313 E1 -123 125,313 E1 -123 125,88.0,87.0,False,True
348,348.0,348.0,401.0,401.0,13 116 E1,13 116 E1,53.0,53.0,True,True
349,351.0,351.0,684.0,1471.0,-E0 -325 -117 117,-E0 -325 -117 117,333.0,1120.0,False,True
350,350.0,350.0,566.0,864.0,126 -125 123 -E1 -313 325 E0,126 -125 123 -E1 -313 325 E0,216.0,514.0,False,True
351,351.0,351.0,691.0,1480.0,325 -325 -117 119 -119,325 -325 -117 119 -119,340.0,1129.0,False,True
352,353.0,353.0,507.0,508.0,-13 15 119 E3 -319,-13 15 119 E3 -319,154.0,155.0,False,True
353,353.0,353.0,486.0,539.0,25 -25 17 -13 15 119,25 -25 17 -13 15 119,133.0,186.0,False,True
354,354.0,354.0,585.0,577.0,-313 -38 -17 25 126 -125,-313 -38 -17 25 126 -125,231.0,223.0,False,True
355,355.0,355.0,368.0,368.0,15,15,13.0,13.0,True,True
356,356.0,356.0,506.0,506.0,E1 -123 -19 -9 11,E1 -123 -19 -9 11,150.0,150.0,True,True
357,357.0,357.0,608.0,516.0,-E5 -7 9 17 64 -121,-E5 -7 9 17 64 -121,251.0,159.0,False,True
358,358.0,358.0,620.0,620.0,-117 -15 -3 9 19 123 -E1,-117 -15 -3 9 19 123 -E1,262.0,262.0,True,True
359,359.0,359.0,696.0,1511.0,-325 -38 -17 25 -25,-325 -38 -17 25 -25,337.0,1152.0,False,True
360,360.0,360.0,572.0,576.0,-121 121 -64 -13 15 119 E3,-121 121 -64 -13 15 119 E3,212.0,216.0,False,True
361,361.0,361.0,518.0,515.0,38 -38 64 -121 121,38 -38 64 -121 121,157.0,154.0,False,True
362,362.0,362.0,513.0,511.0,E3 -319 -117 -15 -3 7 E5,E3 -319 -117 -15 -3 7 E5,151.0,149.0,False,True
363,364.0,364.0,466.0,466.0,138 -E5 -7 3 -3,138 -E5 -7 3 -3,102.0,102.0,True,True
364,364.0,364.0,592.0,590.0,-117 -15 -3 9 25,-117 -15 -3 9 25,228.0,226.0,False,True
365,365.0,365.0,587.0,579.0,-E4 -11 3 13,-E4 -11 3 13,222.0,214.0,False,True
366,366.0,366.0,472.0,472.0,E0 -123 125 -126 138 -138,E0 -123 125 -126 138 -138,106.0,106.0,True,True
367,367.0,367.0,515.0,516.0,121 -64 -17 25 126,121 -64 -17 25 126,148.0,149.0,False,True
368,368.0,368.0,610.0,554.0,-E5 -7 9 17 64 -121,-E5 -7 9 17 64 -121,242.0,186.0,False,True
369,369.0,369.0,644.0,1460.0,-38 116 -313 325 -325,-38 116 -313 325 -325,275.0,1091.0,False,True
370,370.0,370.0,466.0,488.0,138 -138 -25 17 64,138 -138 -25 17 64,96.0,118.0,False,True
371,371.0,371.0,666.0,1488.0,-325 -38 -13 15,-325 -38 -13 15,295.0,1117.0,False,True
372,374.0,374.0,669.0,876.0,-313 -117 119 E3,-313 -117 119 E3,295.0,502.0,False,True
373,375.0,375.0,665.0,1453.0,319 -E3 -119 117,319 -E3 -119 117,290.0,1078.0,False,True
374,374.0,374.0,561.0,1122.0,-E3 -119 119 E3 -319,-E3 -119 119 E3 -319,187.0,748.0,False,True
375,380.0,380.0,763.0,1550.0,-325 -117 -15 -3 11 E4,-325 -117 -15 -3 11 E4,383.0,1170.0,False,True
376,376.0,376.0,418.0,419.0,-9 11,-9 11,42.0,43.0,False,True
377,377.0,377.0,594.0,586.0,E5 -138 -25 17 -13 13,E5 -138 -25 17 -13 13,217.0,209.0,False,True
378,413.0,419.0,722.0,1191.0,117 313 E1 -E0,117 313 E1 -E0,309.0,772.0,False,True
379,379.0,379.0,500.0,480.0,-15 13 64 -121 121 -64,-15 13 64 -121 121 -64,121.0,101.0,False,True
380,380.0,380.0,473.0,473.0,25 126 -125 125,25 126 -125 125,93.0,93.0,True,True
381,381.0,381.0,429.0,429.0,3 15 -15,3 15 -15,48.0,48.0,True,True
382,418.0,422.0,695.0,1162.0,117 313 E1,117 313 E1,277.0,740.0,False,True
383,384.0,384.0,538.0,549.0,-E1 -116 -13 15,-E1 -116 -13 15,154.0,165.0,False,True
384,386.0,386.0,517.0,519.0,-125 -19 -9 11 E4,-125 -19 -9 11 E4,131.0,133.0,False,True
385,387.0,387.0,476.0,463.0,123 -123 -19,123 -123 -19,89.0,76.0,False,True
386,386.0,386.0,663.0,1456.0,-13 15 117,-13 15 117,277.0,1070.0,False,True
387,422.0,428.0,719.0,1189.0,117 313 E1 -123,117 313 E1 -123,297.0,761.0,False,True
388,388.0,388.0,570.0,1188.0,E5 -138 -25 17 116 -313 325 E0,E5 -138 -25 17 116 -313 325 E0,182.0,800.0,False,True
389,390.0,390.0,561.0,561.0,-E3 -E4 -11 7 E5 -138 126 -125,-E3 -E4 -11 7 E5 -138 126 -125,171.0,171.0,True,True
390,390.0,390.0,530.0,530.0,325 E0 -123 125 -126 138 -E5,325 E0 -123 125 -126 138 -E5,140.0,140.0,True,True
391,392.0,392.0,452.0,455.0,17 -13 -3 11,17 -13 -3 11,60.0,63.0,False,True
392,392.0,392.0,596.0,588.0,-3 9 17 38,-3 9 17 38,204.0,196.0,False,True
393,393.0,393.0,520.0,524.0,E4 E3 -319 -38 -17 25 -25,E4 E3 -319 -38 -17 25 -25,127.0,131.0,False,True
394,427.0,431.0,752.0,1517.0,117 -38 -13 -3 7 -7,117 -38 -13 -3 7 -7,325.0,1086.0,False,True
395,395.0,395.0,512.0,512.0,E0 -123 -19 -9 11,E0 -123 -19 -9 11,117.0,117.0,True,True
396,396.0,396.0,504.0,504.0,7 E5 -138 -25 17 64,7 E5 -138 -25 17 64,108.0,108.0,True,True
397,401.0,401.0,509.0,510.0,-3 11 E4 E3 -319 313,-3 11 E4 E3 -319 313,108.0,109.0,False,True
398,398.0,398.0,668.0,1481.0,-E0 -325 313 E1,-E0 -325 313 E1,270.0,1083.0,False,True
399,401.0,401.0,509.0,508.0,11 E4 E3 -319 325,11 E4 E3 -319 325,108.0,107.0,False,True
400,456.0,453.0,596.0,1138.0,-313 319 -319,-313 319 -319,140.0,685.0,False,True
401,402.0,402.0,577.0,550.0,121 -64 -13 -3 7 E5,121 -64 -13 -3 7 E5,175.0,148.0,False,True
402,402.0,402.0,610.0,608.0,-E5 -7 3 13 -13,-E5 -7 3 13 -13,208.0,206.0,False,True
403,430.0,434.0,675.0,1466.0,117 -38,117 -38,245.0,1032.0,False,True
404,657.0,829.0,670.0,1460.0,117,117,13.0,631.0,False,True
405,405.0,405.0,657.0,1462.0,-E3 -119 119 E3 -319 325 -325,-E3 -119 119 E3 -319 325 -325,252.0,1057.0,False,True
406,406.0,406.0,435.0,529.0,-15 15,-15 15,29.0,123.0,False,True
407,407.0,407.0,589.0,588.0,119 E3 -319 -38 64 -121 -19,119 E3 -319 -38 64 -121 -19,182.0,181.0,False,True
408,408.0,408.0,657.0,844.0,3 13 38 -117,3 13 38 -117,249.0,436.0,False,True
409,409.0,409.0,464.0,464.0,25 -25 17,25 -25 17,55.0,55.0,True,True
410,412.0,411.0,564.0,578.0,319 -E3 -E4 -11 7 -7,319 -E3 -E4 -11 7 -7,152.0,167.0,False,True
411,411.0,411.0,483.0,484.0,13 38 325,13 38 325,72.0,73.0,False,True
412,412.0,412.0,574.0,572.0,E4 E3 -319 -38 -17 25 138 -E5,E4 E3 -319 -38 -17 25 138 -E5,162.0,160.0,False,True
413,413.0,413.0,627.0,600.0,-116 -13 -3 11,-116 -13 -3 11,214.0,187.0,False,True
414,416.0,417.0,511.0,470.0,121 -64 64,121 -64 64,95.0,53.0,False,True
415,415.0,415.0,544.0,544.0,7 E5 -138 126 -125 123 -E1,7 E5 -138 126 -125 123 -E1,129.0,129.0,True,True
416,419.0,419.0,598.0,1154.0,116 -313 319 -E3,116 -313 319 -E3,179.0,735.0,False,True
417,417.0,417.0,472.0,471.0,19 123 -E0,19 123 -E0,55.0,54.0,False,True
418,418.0,418.0,587.0,560.0,13 -13,13 -13,169.0,142.0,False,True
419,419.0,419.0,513.0,511.0,-E4 -11 11 E4,-E4 -11 11 E4,94.0,92.0,False,True
420,420.0,420.0,529.0,542.0,-38 -13 15,-38 -13 15,109.0,122.0,False,True
421,421.0,421.0,591.0,565.0,13 38,13 38,170.0,144.0,False,True
422,423.0,423.0,437.0,437.0,64,64,14.0,14.0,True,True
423,423.0,423.0,647.0,1457.0,-7 11 E4 E3 -319 325 -325,-7 11 E4 E3 -319 325 -325,224.0,1034.0,False,True
424,425.0,424.0,523.0,515.0,17 -13 -3 3,17 -13 -3 3,98.0,91.0,False,True
425,425.0,425.0,591.0,581.0,7 E5 -138 126 -125 123 -E1 -116,7 E5 -138 126 -125 123 -E1 -116,166.0,156.0,False,True
426,427.0,427.0,716.0,645.0,-119 -15 13 -17 25 126,-119 -15 13 -17 25 126,289.0,218.0,False,True
427,427.0,427.0,548.0,543.0,E0 -123 -19 -9 7 E5,E0 -123 -19 -9 7 E5,121.0,116.0,False,True
428,428.0,428.0,526.0,525.0,25 126 -125 123 -E1,25 126 -125 123 -E1,98.0,97.0,False,True
429,429.0,429.0,517.0,519.0,-123 125 -126 126,-123 125 -126 126,88.0,90.0,False,True
430,430.0,430.0,568.0,568.0,7 E5 -138 126 -125 123 -E1,7 E5 -138 126 -125 123 -E1,138.0,138.0,True,True
431,431.0,431.0,577.0,590.0,15 -15 -3 9,15 -15 -3 9,146.0,159.0,False,True
432,432.0,437.0,600.0,1140.0,-117 119 E3 -319 313,-117 119 E3 -319 313,168.0,703.0,False,True
433,491.0,491.0,625.0,1234.0,-313 -38 -13 -3 7 -7,-313 -38 -13 -3 7 -7,134.0,743.0,False,True
434,435.0,434.0,536.0,537.0,-126 -25 17 116,-126 -25 17 116,101.0,103.0,False,True
435,439.0,439.0,575.0,1138.0,119 E3 -319 313,119 E3 -319 313,136.0,699.0,False,True
436,438.0,436.0,552.0,551.0,-138 -25 17 64 -121,-138 -25 17 64 -121,114.0,115.0,False,True
437,439.0,439.0,567.0,548.0,7 E5 -138 126 -125 125,7 E5 -138 126 -125 125,128.0,109.0,False,True
438,438.0,438.0,534.0,537.0,-25 17 38 325 E0,-25 17 38 325 E0,96.0,99.0,False,True
439,439.0,439.0,622.0,583.0,-126 -25 17 38 319 -E3,-126 -25 17 38 319 -E3,183.0,144.0,False,True
440,441.0,441.0,461.0,460.0,-25,-25,20.0,19.0,False,True
441,441.0,441.0,580.0,835.0,-11 11 E4 E3 -319 319,-11 11 E4 E3 -319 319,139.0,394.0,False,True
442,442.0,442.0,607.0,605.0,9 25 138,9 25 138,165.0,163.0,False,True
443,446.0,445.0,713.0,663.0,-13 13 64 -121 123 -E1,-13 13 64 -121 123 -E1,267.0,218.0,False,True
444,444.0,450.0,515.0,519.0,-38 64 -121 121,-38 64 -121 121,71.0,69.0,False,True
445,447.0,447.0,534.0,534.0,126 -125 123 -E0,126 -125 123 -E0,87.0,87.0,True,True
446,448.0,448.0,496.0,500.0,-25 17 38,-25 17 38,48.0,52.0,False,True
447,452.0,450.0,531.0,531.0,-15 -3 7 -7,-15 -3 7 -7,79.0,81.0,False,True
448,448.0,448.0,699.0,657.0,-E5 -7 3 13 64 -121 -19,-E5 -7 3 13 64 -121 -19,251.0,209.0,False,True
449,475.0,483.0,648.0,1190.0,119 E3 -319 -38 64 -121 121,119 E3 -319 -38 64 -121 121,173.0,707.0,False,True
450,450.0,450.0,553.0,1425.0,E5 -138 -25 17 116 -313,E5 -138 -25 17 116 -313,103.0,975.0,False,True
451,452.0,451.0,666.0,602.0,E4 -119 -15 13,E4 -119 -15 13,214.0,151.0,False,True
452,457.0,460.0,540.0,558.0,-3 3 15 119,-3 3 15 119,83.0,98.0,False,True
453,456.0,458.0,638.0,644.0,15 -15 13 -17 25,15 -15 13 -17 25,182.0,186.0,False,True
454,454.0,454.0,664.0,643.0,-117 -15 13 64 -121 123,-117 -15 13 64 -121 123,210.0,189.0,False,True
455,455.0,455.0,575.0,575.0,-E5 -7 9,-E5 -7 9,120.0,120.0,True,True
456,494.0,494.0,578.0,1438.0,-313 319,-313 319,84.0,944.0,False,True
457,457.0,457.0,530.0,550.0,123 -123 121 -64,123 -123 121 -64,73.0,93.0,False,True
458,462.0,459.0,527.0,525.0,126 -125 125,126 -125 125,65.0,66.0,False,True
459,460.0,459.0,555.0,554.0,138 -138 -25 17,138 -138 -25 17,95.0,95.0,True,True
460,464.0,460.0,615.0,603.0,13 38,13 38,151.0,143.0,False,True
461,461.0,461.0,579.0,577.0,125 -126 -25 -9 9,125 -126 -25 -9 9,118.0,116.0,False,True
462,469.0,462.0,623.0,1136.0,126 -125 121 -64 38 319 -319,126 -125 121 -64 38 319 -319,154.0,674.0,False,True
463,464.0,464.0,629.0,598.0,-E1 -116 64 -121 121,-E1 -116 64 -121 121,165.0,134.0,False,True
464,464.0,466.0,555.0,574.0,19 121 -64 64 -121,19 121 -64 64 -121,91.0,108.0,False,True
465,497.0,497.0,581.0,1469.0,-313 -38 -17 25,-313 -38 -17 25,84.0,972.0,False,True
466,471.0,477.0,566.0,587.0,-138 -25 19 125 -126,-138 -25 19 125 -126,95.0,110.0,False,True
467,660.0,832.0,771.0,1558.0,117 -38 -17 -9 11 E4,117 -38 -13 -3 11 E4,111.0,726.0,False,False
468,469.0,468.0,629.0,645.0,116 E1 -123 121 -64 38 325 E0,116 E1 -123 121 -64 38 325 E0,160.0,177.0,False,True
469,469.0,469.0,605.0,603.0,325 E0 -123 125 -126 -25,325 E0 -123 125 -126 -25,136.0,134.0,False,True
470,472.0,472.0,614.0,612.0,325 E0 -123 125 -126 138 -E5,325 E0 -123 125 -126 138 -E5,142.0,140.0,False,True
471,471.0,471.0,646.0,583.0,319 -319 -38 -17 25,319 -319 -38 -17 25,175.0,112.0,False,True
472,472.0,472.0,580.0,573.0,-38 -17 25 126 -125,-38 -17 25 126 -125,108.0,101.0,False,True
473,473.0,473.0,606.0,606.0,E3 -319 -38 64 -121 125 -126,E3 -319 -38 64 -121 125 -126,133.0,133.0,True,True
474,479.0,478.0,586.0,846.0,E4 E3 -319 -38 64,E4 E3 -319 -38 64,107.0,368.0,False,True
475,475.0,481.0,607.0,605.0,19 -19 -9 11 E4,19 -19 -9 11 E4,132.0,124.0,False,True
476,492.0,485.0,606.0,1138.0,E4 E3 -319 319,E4 E3 -319 319,114.0,653.0,False,True
477,477.0,477.0,588.0,584.0,-64 38 313,-64 38 313,111.0,107.0,False,True
478,483.0,483.0,676.0,628.0,-11 3 13 116,-11 3 13 116,193.0,145.0,False,True
479,479.0,479.0,661.0,643.0,-E3 -E4 -11 7 E5 -138 138,-E3 -E4 -11 7 E5 -138 138,182.0,164.0,False,True
480,480.0,481.0,580.0,579.0,138 -138 126 -125 121,138 -138 126 -125 121,100.0,98.0,False,True
481,481.0,481.0,624.0,605.0,325 E0 -E1 -116 116 E1,325 E0 -E1 -116 116 E1,143.0,124.0,False,True
482,482.0,482.0,542.0,510.0,-123 -19,-123 -19,60.0,28.0,False,True
483,488.0,483.0,640.0,608.0,-116 -13 -3 7,-116 -13 -3 7,152.0,125.0,False,True
484,484.0,486.0,644.0,1187.0,119 E3 -319 325 E0,119 E3 -319 325 E0,160.0,701.0,False,True
485,485.0,485.0,573.0,574.0,-17 -9 11 E4 -119,-17 -9 11 E4 -119,88.0,89.0,False,True
486,487.0,487.0,536.0,533.0,325 E0,325 E0,49.0,46.0,False,True
487,494.0,494.0,576.0,576.0,-319 313 E1 -E0,-319 313 E1 -E0,82.0,82.0,True,True
488,488.0,488.0,620.0,619.0,-126 -25 -9 11 E4 E3,-126 -25 -9 11 E4 E3,132.0,131.0,False,True
489,502.0,505.0,605.0,607.0,-319 -38 -17 25 138 -E5,-319 -38 -17 25 138 -E5,103.0,102.0,False,True
490,490.0,490.0,585.0,583.0,-123 -19 -9 7,-123 -19 -9 7,95.0,93.0,False,True
491,491.0,491.0,624.0,613.0,-126 -25 17 38 319 -E3,-126 -25 17 38 319 -E3,133.0,122.0,False,True
492,493.0,492.0,565.0,565.0,138 -138 -25 25,138 -138 -25 25,72.0,73.0,False,True
493,493.0,496.0,593.0,599.0,E3 -319 313 E1 -E0,E3 -319 313 E1 -E0,100.0,103.0,False,True
494,496.0,494.0,575.0,575.0,25 -25 17 -13,25 -25 17 -13,79.0,81.0,False,True
495,495.0,495.0,700.0,1513.0,-E0 -325 313 E1 -123,-E0 -325 313 E1 -123,205.0,1018.0,False,True
496,496.0,496.0,728.0,682.0,-E5 -7 3 13 64 -121 123 -E0,-E5 -7 3 13 64 -121 123 -E0,232.0,186.0,False,True
497,498.0,499.0,589.0,575.0,E3 -319 313 -116,E3 -319 313 -116,91.0,76.0,False,True
498,498.0,499.0,717.0,672.0,-7 3 13 64 -121 123 -E1,-7 3 13 64 -121 123 -E1,219.0,173.0,False,True
499,501.0,502.0,569.0,570.0,E3 -319 -38 64,E3 -319 -38 64,68.0,68.0,True,True
